id_image,label_image
0.jpg,1
1.jpg,1
2.jpg,0
3.jpg,0
4.jpg,1
5.jpg,0
6.jpg,0
7.jpg,0
8.jpg,0
9.jpg,0
10.jpg,0
11.jpg,0
12.jpg,0
13.jpg,0
14.jpg,1
15.jpg,1
16.jpg,0
17.jpg,0
18.jpg,0
19.jpg,0
20.jpg,0
21.jpg,0
22.jpg,1
23.jpg,0
24.jpg,0
25.jpg,0
26.jpg,0
27.jpg,1
28.jpg,0
29.jpg,0
30.jpg,0
31.jpg,0
32.jpg,0
33.jpg,0
34.jpg,0
35.jpg,0
36.jpg,1
37.jpg,1
38.jpg,0
39.jpg,0
40.jpg,0
41.jpg,1
42.jpg,1
43.jpg,0
44.jpg,0
45.jpg,0
46.jpg,0
47.jpg,0
48.jpg,1
49.jpg,0
50.jpg,0
51.jpg,1
52.jpg,1
53.jpg,0
54.jpg,0
55.jpg,0
56.jpg,0
57.jpg,1
58.jpg,0
59.jpg,0
60.jpg,0
61.jpg,0
62.jpg,0
63.jpg,0
64.jpg,1
65.jpg,1
66.jpg,1
67.jpg,0
68.jpg,0
69.jpg,1
70.jpg,1
71.jpg,1
72.jpg,0
73.jpg,0
74.jpg,1
75.jpg,1
76.jpg,0
77.jpg,0
78.jpg,1
79.jpg,1
80.jpg,0
81.jpg,0
82.jpg,0
83.jpg,1
84.jpg,1
85.jpg,0
86.jpg,0
87.jpg,1
88.jpg,1
89.jpg,1
90.jpg,0
91.jpg,1
92.jpg,0
93.jpg,1
94.jpg,1
95.jpg,0
96.jpg,1
97.jpg,1
98.jpg,0
99.jpg,0
100.jpg,0
101.jpg,0
102.jpg,0
103.jpg,1
104.jpg,0
105.jpg,0
106.jpg,0
107.jpg,1
108.jpg,0
109.jpg,1
110.jpg,0
111.jpg,0
112.jpg,0
113.jpg,0
114.jpg,0
115.jpg,0
116.jpg,0
117.jpg,0
118.jpg,0
119.jpg,0
120.jpg,0
121.jpg,1
122.jpg,0
123.jpg,1
124.jpg,0
125.jpg,0
126.jpg,1
127.jpg,0
128.jpg,0
129.jpg,1
130.jpg,0
131.jpg,0
132.jpg,0
133.jpg,0
134.jpg,0
135.jpg,0
136.jpg,0
137.jpg,1
138.jpg,0
139.jpg,0
140.jpg,1
141.jpg,0
142.jpg,1
143.jpg,0
144.jpg,0
145.jpg,0
146.jpg,0
147.jpg,0
148.jpg,1
149.jpg,0
150.jpg,0
151.jpg,0
152.jpg,1
153.jpg,1
154.jpg,0
155.jpg,0
156.jpg,1
157.jpg,0
158.jpg,0
159.jpg,0
160.jpg,0
161.jpg,1
162.jpg,0
163.jpg,0
164.jpg,0
165.jpg,1
166.jpg,1
167.jpg,1
168.jpg,1
169.jpg,1
170.jpg,1
171.jpg,0
172.jpg,0
173.jpg,1
174.jpg,1
175.jpg,0
176.jpg,0
177.jpg,1
178.jpg,0
179.jpg,1
180.jpg,0
181.jpg,1
182.jpg,0
183.jpg,0
184.jpg,0
185.jpg,0
186.jpg,1
187.jpg,0
188.jpg,0
189.jpg,1
190.jpg,1
191.jpg,1
192.jpg,0
193.jpg,1
194.jpg,1
195.jpg,1
196.jpg,1
197.jpg,1
198.jpg,0
199.jpg,1
200.jpg,1
201.jpg,0
202.jpg,0
203.jpg,0
204.jpg,1
205.jpg,1
206.jpg,1
207.jpg,1
208.jpg,0
209.jpg,1
210.jpg,1
211.jpg,1
212.jpg,1
213.jpg,1
214.jpg,0
215.jpg,1
216.jpg,0
217.jpg,1
218.jpg,0
219.jpg,0
220.jpg,0
221.jpg,0
222.jpg,1
223.jpg,0
224.jpg,0
225.jpg,1
226.jpg,1
227.jpg,1
228.jpg,0
229.jpg,1
230.jpg,1
231.jpg,0
232.jpg,0
233.jpg,0
234.jpg,0
235.jpg,0
236.jpg,0
237.jpg,1
238.jpg,0
239.jpg,1
240.jpg,1
241.jpg,1
242.jpg,1
243.jpg,0
244.jpg,0
245.jpg,0
246.jpg,0
247.jpg,1
248.jpg,1
249.jpg,1
250.jpg,0
251.jpg,0
252.jpg,0
253.jpg,0
254.jpg,0
255.jpg,1
256.jpg,0
257.jpg,0
258.jpg,0
259.jpg,1
260.jpg,0
261.jpg,1
262.jpg,1
263.jpg,0
264.jpg,1
265.jpg,0
266.jpg,0
267.jpg,0
268.jpg,0
269.jpg,1
270.jpg,1
271.jpg,0
272.jpg,1
273.jpg,1
274.jpg,0
275.jpg,1
276.jpg,0
277.jpg,0
278.jpg,1
279.jpg,1
280.jpg,0
281.jpg,1
282.jpg,1
283.jpg,1
284.jpg,1
285.jpg,0
286.jpg,0
287.jpg,1
288.jpg,1
289.jpg,1
290.jpg,1
291.jpg,1
292.jpg,0
293.jpg,1
294.jpg,1
295.jpg,0
296.jpg,0
297.jpg,1
298.jpg,0
299.jpg,1
300.jpg,1
301.jpg,1
302.jpg,0
303.jpg,1
304.jpg,0
305.jpg,0
306.jpg,0
307.jpg,0
308.jpg,1
309.jpg,1
310.jpg,0
311.jpg,0
312.jpg,0
313.jpg,0
314.jpg,0
315.jpg,0
316.jpg,0
317.jpg,1
318.jpg,0
319.jpg,1
320.jpg,1
321.jpg,0
322.jpg,1
323.jpg,0
324.jpg,0
325.jpg,1
326.jpg,1
327.jpg,0
328.jpg,0
329.jpg,1
330.jpg,1
331.jpg,1
332.jpg,1
333.jpg,1
334.jpg,1
335.jpg,0
336.jpg,0
337.jpg,1
338.jpg,0
339.jpg,1
340.jpg,1
341.jpg,1
342.jpg,1
343.jpg,0
344.jpg,1
345.jpg,1
346.jpg,1
347.jpg,0
348.jpg,0
349.jpg,0
350.jpg,0
351.jpg,1
352.jpg,0
353.jpg,1
354.jpg,0
355.jpg,1
356.jpg,1
357.jpg,0
358.jpg,0
359.jpg,0
360.jpg,0
361.jpg,0
362.jpg,0
363.jpg,1
364.jpg,0
365.jpg,1
366.jpg,0
367.jpg,1
368.jpg,1
369.jpg,1
370.jpg,1
371.jpg,1
372.jpg,0
373.jpg,1
374.jpg,1
375.jpg,0
376.jpg,0
377.jpg,1
378.jpg,1
379.jpg,1
380.jpg,1
381.jpg,1
382.jpg,0
383.jpg,1
384.jpg,0
385.jpg,0
386.jpg,1
387.jpg,1
388.jpg,1
389.jpg,0
390.jpg,0
391.jpg,1
392.jpg,1
393.jpg,1
394.jpg,0
395.jpg,1
396.jpg,0
397.jpg,1
398.jpg,0
399.jpg,1
400.jpg,0
401.jpg,0
402.jpg,0
403.jpg,1
404.jpg,1
405.jpg,0
406.jpg,1
407.jpg,1
408.jpg,0
409.jpg,1
410.jpg,1
411.jpg,0
412.jpg,1
413.jpg,0
414.jpg,1
415.jpg,0
416.jpg,1
417.jpg,1
418.jpg,1
419.jpg,1
420.jpg,1
421.jpg,1
422.jpg,0
423.jpg,0
424.jpg,1
425.jpg,0
426.jpg,1
427.jpg,0
428.jpg,1
429.jpg,0
430.jpg,1
431.jpg,0
432.jpg,0
433.jpg,1
434.jpg,1
435.jpg,0
436.jpg,0
437.jpg,0
438.jpg,0
439.jpg,0
440.jpg,0
441.jpg,1
442.jpg,0
443.jpg,1
444.jpg,0
445.jpg,1
446.jpg,0
447.jpg,0
448.jpg,0
449.jpg,1
450.jpg,1
451.jpg,0
452.jpg,1
453.jpg,1
454.jpg,0
455.jpg,1
456.jpg,1
457.jpg,1
458.jpg,0
459.jpg,1
460.jpg,1
461.jpg,0
462.jpg,1
463.jpg,1
464.jpg,1
465.jpg,1
466.jpg,0
467.jpg,1
468.jpg,0
469.jpg,0
470.jpg,1
471.jpg,1
472.jpg,0
473.jpg,0
474.jpg,0
475.jpg,0
476.jpg,0
477.jpg,1
478.jpg,1
479.jpg,0
480.jpg,1
481.jpg,1
482.jpg,0
483.jpg,1
484.jpg,0
485.jpg,0
486.jpg,1
487.jpg,1
488.jpg,0
489.jpg,0
490.jpg,0
491.jpg,0
492.jpg,0
493.jpg,1
494.jpg,0
495.jpg,0
496.jpg,1
497.jpg,0
498.jpg,1
499.jpg,1
500.jpg,0
501.jpg,1
502.jpg,1
503.jpg,1
504.jpg,0
505.jpg,0
506.jpg,0
507.jpg,0
508.jpg,0
509.jpg,1
510.jpg,1
511.jpg,0
512.jpg,1
513.jpg,0
514.jpg,1
515.jpg,0
516.jpg,1
517.jpg,0
518.jpg,0
519.jpg,1
520.jpg,0
521.jpg,0
522.jpg,0
523.jpg,1
524.jpg,0
525.jpg,0
526.jpg,1
527.jpg,0
528.jpg,1
529.jpg,1
530.jpg,0
531.jpg,0
532.jpg,0
533.jpg,0
534.jpg,0
535.jpg,1
536.jpg,1
537.jpg,1
538.jpg,1
539.jpg,1
540.jpg,1
541.jpg,0
542.jpg,1
543.jpg,0
544.jpg,0
545.jpg,0
546.jpg,1
547.jpg,0
548.jpg,0
549.jpg,1
550.jpg,0
551.jpg,0
552.jpg,1
553.jpg,1
554.jpg,1
555.jpg,1
556.jpg,1
557.jpg,1
558.jpg,1
559.jpg,1
560.jpg,1
561.jpg,0
562.jpg,1
563.jpg,1
564.jpg,0
565.jpg,1
566.jpg,1
567.jpg,1
568.jpg,1
569.jpg,0
570.jpg,1
571.jpg,1
572.jpg,1
573.jpg,1
574.jpg,0
575.jpg,0
576.jpg,0
577.jpg,1
578.jpg,0
579.jpg,1
580.jpg,0
581.jpg,1
582.jpg,1
583.jpg,0
584.jpg,1
585.jpg,0
586.jpg,0
587.jpg,0
588.jpg,0
589.jpg,1
590.jpg,1
591.jpg,0
592.jpg,0
593.jpg,0
594.jpg,1
595.jpg,0
596.jpg,0
597.jpg,1
598.jpg,0
599.jpg,1
600.jpg,0
601.jpg,0
602.jpg,0
603.jpg,0
604.jpg,1
605.jpg,1
606.jpg,1
607.jpg,1
608.jpg,1
609.jpg,1
610.jpg,1
611.jpg,1
612.jpg,1
613.jpg,1
614.jpg,1
615.jpg,0
616.jpg,1
617.jpg,0
618.jpg,1
619.jpg,0
620.jpg,1
621.jpg,1
622.jpg,1
623.jpg,0
624.jpg,0
625.jpg,1
626.jpg,1
627.jpg,1
628.jpg,0
629.jpg,1
630.jpg,1
631.jpg,1
632.jpg,1
633.jpg,1
634.jpg,1
635.jpg,0
636.jpg,0
637.jpg,1
638.jpg,0
639.jpg,1
640.jpg,1
641.jpg,0
642.jpg,1
643.jpg,1
644.jpg,0
645.jpg,1
646.jpg,0
647.jpg,1
648.jpg,1
649.jpg,0
650.jpg,1
651.jpg,0
652.jpg,0
653.jpg,0
654.jpg,1
655.jpg,0
656.jpg,1
657.jpg,1
658.jpg,0
659.jpg,0
660.jpg,0
661.jpg,1
662.jpg,1
663.jpg,0
664.jpg,1
665.jpg,1
666.jpg,1
667.jpg,1
668.jpg,1
669.jpg,1
670.jpg,0
671.jpg,0
672.jpg,1
673.jpg,0
674.jpg,0
675.jpg,1
676.jpg,0
677.jpg,0
678.jpg,1
679.jpg,0
680.jpg,1
681.jpg,0
682.jpg,1
683.jpg,0
684.jpg,0
685.jpg,1
686.jpg,0
687.jpg,0
688.jpg,1
689.jpg,1
690.jpg,1
691.jpg,0
692.jpg,1
693.jpg,1
694.jpg,0
695.jpg,0
696.jpg,1
697.jpg,0
698.jpg,0
699.jpg,0
700.jpg,0
701.jpg,0
702.jpg,0
703.jpg,1
704.jpg,1
705.jpg,1
706.jpg,1
707.jpg,1
708.jpg,1
709.jpg,0
710.jpg,0
711.jpg,1
712.jpg,1
713.jpg,0
714.jpg,0
715.jpg,0
716.jpg,0
717.jpg,1
718.jpg,0
719.jpg,0
720.jpg,1
721.jpg,0
722.jpg,0
723.jpg,1
724.jpg,0
725.jpg,0
726.jpg,1
727.jpg,0
728.jpg,1
729.jpg,1
730.jpg,0
731.jpg,0
732.jpg,1
733.jpg,1
734.jpg,1
735.jpg,1
736.jpg,1
737.jpg,0
738.jpg,1
739.jpg,0
740.jpg,1
741.jpg,0
742.jpg,1
743.jpg,1
744.jpg,1
745.jpg,0
746.jpg,1
747.jpg,0
748.jpg,1
749.jpg,1
750.jpg,0
751.jpg,0
752.jpg,0
753.jpg,1
754.jpg,0
755.jpg,0
756.jpg,1
757.jpg,1
758.jpg,1
759.jpg,0
760.jpg,0
761.jpg,1
762.jpg,0
763.jpg,0
764.jpg,1
765.jpg,0
766.jpg,0
767.jpg,0
768.jpg,0
769.jpg,1
770.jpg,0
771.jpg,0
772.jpg,1
773.jpg,0
774.jpg,1
775.jpg,0
776.jpg,1
777.jpg,0
778.jpg,1
779.jpg,0
780.jpg,0
781.jpg,0
782.jpg,1
783.jpg,0
784.jpg,1
785.jpg,0
786.jpg,1
787.jpg,1
788.jpg,0
789.jpg,0
790.jpg,1
791.jpg,0
792.jpg,0
793.jpg,0
794.jpg,0
795.jpg,0
796.jpg,0
797.jpg,0
798.jpg,0
799.jpg,0
800.jpg,1
801.jpg,1
802.jpg,0
803.jpg,1
804.jpg,1
805.jpg,0
806.jpg,1
807.jpg,0
808.jpg,1
809.jpg,0
810.jpg,0
811.jpg,1
812.jpg,0
813.jpg,1
814.jpg,0
815.jpg,1
816.jpg,1
817.jpg,1
818.jpg,1
819.jpg,1
820.jpg,0
821.jpg,1
822.jpg,1
823.jpg,0
824.jpg,1
825.jpg,0
826.jpg,0
827.jpg,1
828.jpg,0
829.jpg,0
830.jpg,1
831.jpg,1
832.jpg,0
833.jpg,0
834.jpg,0
835.jpg,1
836.jpg,0
837.jpg,0
838.jpg,0
839.jpg,0
840.jpg,1
841.jpg,1
842.jpg,0
843.jpg,0
844.jpg,0
845.jpg,0
846.jpg,0
847.jpg,1
848.jpg,0
849.jpg,0
850.jpg,1
851.jpg,0
852.jpg,0
853.jpg,1
854.jpg,0
855.jpg,1
856.jpg,1
857.jpg,1
858.jpg,0
859.jpg,0
860.jpg,0
861.jpg,0
862.jpg,0
863.jpg,1
864.jpg,1
865.jpg,1
866.jpg,1
867.jpg,0
868.jpg,0
869.jpg,1
870.jpg,0
871.jpg,0
872.jpg,1
873.jpg,0
874.jpg,1
875.jpg,0
876.jpg,0
877.jpg,1
878.jpg,1
879.jpg,0
880.jpg,0
881.jpg,0
882.jpg,1
883.jpg,0
884.jpg,0
885.jpg,0
886.jpg,0
887.jpg,0
888.jpg,0
889.jpg,0
890.jpg,0
891.jpg,0
892.jpg,0
893.jpg,1
894.jpg,1
895.jpg,0
896.jpg,1
897.jpg,0
898.jpg,1
899.jpg,0
900.jpg,0
901.jpg,0
902.jpg,1
903.jpg,1
904.jpg,0
905.jpg,1
906.jpg,1
907.jpg,0
908.jpg,1
909.jpg,0
910.jpg,0
911.jpg,1
912.jpg,0
913.jpg,0
914.jpg,1
915.jpg,1
916.jpg,0
917.jpg,0
918.jpg,1
919.jpg,1
920.jpg,1
921.jpg,1
922.jpg,1
923.jpg,0
924.jpg,1
925.jpg,0
926.jpg,0
927.jpg,0
928.jpg,0
929.jpg,1
930.jpg,1
931.jpg,0
932.jpg,0
933.jpg,0
934.jpg,0
935.jpg,0
936.jpg,1
937.jpg,1
938.jpg,0
939.jpg,1
940.jpg,1
941.jpg,1
942.jpg,0
943.jpg,0
944.jpg,0
945.jpg,1
946.jpg,0
947.jpg,0
948.jpg,1
949.jpg,1
950.jpg,1
951.jpg,1
952.jpg,0
953.jpg,1
954.jpg,1
955.jpg,0
956.jpg,0
957.jpg,1
958.jpg,1
959.jpg,0
960.jpg,0
961.jpg,1
962.jpg,0
963.jpg,0
964.jpg,1
965.jpg,1
966.jpg,0
967.jpg,1
968.jpg,1
969.jpg,1
970.jpg,1
971.jpg,1
972.jpg,0
973.jpg,0
974.jpg,0
975.jpg,1
976.jpg,1
977.jpg,0
978.jpg,0
979.jpg,1
980.jpg,1
981.jpg,1
982.jpg,0
983.jpg,0
984.jpg,0
985.jpg,1
986.jpg,1
987.jpg,1
988.jpg,0
989.jpg,0
990.jpg,0
991.jpg,0
992.jpg,0
993.jpg,0
994.jpg,1
995.jpg,0
996.jpg,0
997.jpg,0
998.jpg,0
999.jpg,0
1000.jpg,0
1001.jpg,1
1002.jpg,0
1003.jpg,0
1004.jpg,0
1005.jpg,0
1006.jpg,0
1007.jpg,0
1008.jpg,0
1009.jpg,0
1010.jpg,0
1011.jpg,1
1012.jpg,1
1013.jpg,0
1014.jpg,0
1015.jpg,0
1016.jpg,0
1017.jpg,0
1018.jpg,1
1019.jpg,0
1020.jpg,1
1021.jpg,1
1022.jpg,0
1023.jpg,0
1024.jpg,0
1025.jpg,0
1026.jpg,1
1027.jpg,0
1028.jpg,0
1029.jpg,0
1030.jpg,0
1031.jpg,0
1032.jpg,0
1033.jpg,1
1034.jpg,1
1035.jpg,0
1036.jpg,0
1037.jpg,0
1038.jpg,1
1039.jpg,1
1040.jpg,0
1041.jpg,0
1042.jpg,0
1043.jpg,1
1044.jpg,1
1045.jpg,0
1046.jpg,0
1047.jpg,1
1048.jpg,1
1049.jpg,0
1050.jpg,1
1051.jpg,0
1052.jpg,1
1053.jpg,1
1054.jpg,0
1055.jpg,0
1056.jpg,0
1057.jpg,0
1058.jpg,1
1059.jpg,0
1060.jpg,1
1061.jpg,1
1062.jpg,0
1063.jpg,0
1064.jpg,0
1065.jpg,0
1066.jpg,0
1067.jpg,0
1068.jpg,1
1069.jpg,1
1070.jpg,1
1071.jpg,0
1072.jpg,1
1073.jpg,0
1074.jpg,0
1075.jpg,0
1076.jpg,0
1077.jpg,0
1078.jpg,0
1079.jpg,0
1080.jpg,0
1081.jpg,0
1082.jpg,0
1083.jpg,1
1084.jpg,0
1085.jpg,0
1086.jpg,0
1087.jpg,0
1088.jpg,1
1089.jpg,0
1090.jpg,0
1091.jpg,0
1092.jpg,0
1093.jpg,0
1094.jpg,0
1095.jpg,1
1096.jpg,1
1097.jpg,0
1098.jpg,0
1099.jpg,1
1100.jpg,1
1101.jpg,0
1102.jpg,0
1103.jpg,1
1104.jpg,0
1105.jpg,1
1106.jpg,0
1107.jpg,0
1108.jpg,1
1109.jpg,0
1110.jpg,0
1111.jpg,0
1112.jpg,0
1113.jpg,0
1114.jpg,0
1115.jpg,0
1116.jpg,0
1117.jpg,0
1118.jpg,0
1119.jpg,0
1120.jpg,0
1121.jpg,0
1122.jpg,0
1123.jpg,0
1124.jpg,0
1125.jpg,1
1126.jpg,0
1127.jpg,0
1128.jpg,0
1129.jpg,0
1130.jpg,0
1131.jpg,0
1132.jpg,0
1133.jpg,0
1134.jpg,0
1135.jpg,0
1136.jpg,0
1137.jpg,0
1138.jpg,1
1139.jpg,0
1140.jpg,1
1141.jpg,0
1142.jpg,0
1143.jpg,0
1144.jpg,0
1145.jpg,0
1146.jpg,0
1147.jpg,0
1148.jpg,0
1149.jpg,1
1150.jpg,0
1151.jpg,0
1152.jpg,0
1153.jpg,1
1154.jpg,0
1155.jpg,0
1156.jpg,0
1157.jpg,0
1158.jpg,0
1159.jpg,0
1160.jpg,1
1161.jpg,0
1162.jpg,0
1163.jpg,0
1164.jpg,0
1165.jpg,1
1166.jpg,0
1167.jpg,0
1168.jpg,1
1169.jpg,0
1170.jpg,1
1171.jpg,0
1172.jpg,0
1173.jpg,1
1174.jpg,0
1175.jpg,0
1176.jpg,0
1177.jpg,1
1178.jpg,0
1179.jpg,1
1180.jpg,0
1181.jpg,1
1182.jpg,0
1183.jpg,1
1184.jpg,0
1185.jpg,0
1186.jpg,0
1187.jpg,1
1188.jpg,0
1189.jpg,0
1190.jpg,1
1191.jpg,0
1192.jpg,0
1193.jpg,0
1194.jpg,0
1195.jpg,0
1196.jpg,0
1197.jpg,0
1198.jpg,0
1199.jpg,1
1200.jpg,1
1201.jpg,0
1202.jpg,0
1203.jpg,1
1204.jpg,0
1205.jpg,0
1206.jpg,0
1207.jpg,0
1208.jpg,0
1209.jpg,1
1210.jpg,0
1211.jpg,0
1212.jpg,0
1213.jpg,0
1214.jpg,0
1215.jpg,0
1216.jpg,0
1217.jpg,0
1218.jpg,1
1219.jpg,0
1220.jpg,0
1221.jpg,1
1222.jpg,0
1223.jpg,0
1224.jpg,0
1225.jpg,0
1226.jpg,0
1227.jpg,0
1228.jpg,0
1229.jpg,0
1230.jpg,0
1231.jpg,1
1232.jpg,0
1233.jpg,0
1234.jpg,0
1235.jpg,0
1236.jpg,1
1237.jpg,1
1238.jpg,0
1239.jpg,0
1240.jpg,0
1241.jpg,0
1242.jpg,0
1243.jpg,1
1244.jpg,0
1245.jpg,0
1246.jpg,1
1247.jpg,0
1248.jpg,1
1249.jpg,0
1250.jpg,1
1251.jpg,0
1252.jpg,1
1253.jpg,1
1254.jpg,0
1255.jpg,0
1256.jpg,1
1257.jpg,0
1258.jpg,0
1259.jpg,0
1260.jpg,0
1261.jpg,0
1262.jpg,0
1263.jpg,0
1264.jpg,0
1265.jpg,0
1266.jpg,1
1267.jpg,0
1268.jpg,1
1269.jpg,1
1270.jpg,1
1271.jpg,0
1272.jpg,0
1273.jpg,0
1274.jpg,1
1275.jpg,0
1276.jpg,0
1277.jpg,1
1278.jpg,0
1279.jpg,0
1280.jpg,0
1281.jpg,0
1282.jpg,0
1283.jpg,0
1284.jpg,1
1285.jpg,0
1286.jpg,0
1287.jpg,1
1288.jpg,0
1289.jpg,0
1290.jpg,0
1291.jpg,0
1292.jpg,0
1293.jpg,1
1294.jpg,0
1295.jpg,1
1296.jpg,0
1297.jpg,0
1298.jpg,0
1299.jpg,0
1300.jpg,0
1301.jpg,1
1302.jpg,0
1303.jpg,0
1304.jpg,0
1305.jpg,0
1306.jpg,0
1307.jpg,0
1308.jpg,0
1309.jpg,0
1310.jpg,0
1311.jpg,0
1312.jpg,0
1313.jpg,1
1314.jpg,0
1315.jpg,0
1316.jpg,0
1317.jpg,0
1318.jpg,1
1319.jpg,0
1320.jpg,1
1321.jpg,0
1322.jpg,0
1323.jpg,0
1324.jpg,0
1325.jpg,0
1326.jpg,0
1327.jpg,0
1328.jpg,1
1329.jpg,0
1330.jpg,0
1331.jpg,0
1332.jpg,0
1333.jpg,0
1334.jpg,0
1335.jpg,0
1336.jpg,0
1337.jpg,0
1338.jpg,0
1339.jpg,0
1340.jpg,0
1341.jpg,0
1342.jpg,0
1343.jpg,0
1344.jpg,0
1345.jpg,0
1346.jpg,0
1347.jpg,0
1348.jpg,0
1349.jpg,1
1350.jpg,0
1351.jpg,0
1352.jpg,1
1353.jpg,1
1354.jpg,1
1355.jpg,0
1356.jpg,0
1357.jpg,1
1358.jpg,0
1359.jpg,0
1360.jpg,0
1361.jpg,1
1362.jpg,0
1363.jpg,0
1364.jpg,0
1365.jpg,0
1366.jpg,1
1367.jpg,0
1368.jpg,0
1369.jpg,0
1370.jpg,1
1371.jpg,0
1372.jpg,0
1373.jpg,0
1374.jpg,0
1375.jpg,0
1376.jpg,0
1377.jpg,1
1378.jpg,1
1379.jpg,0
1380.jpg,0
1381.jpg,0
1382.jpg,1
1383.jpg,0
1384.jpg,0
1385.jpg,0
1386.jpg,0
1387.jpg,0
1388.jpg,0
1389.jpg,1
1390.jpg,0
1391.jpg,1
1392.jpg,1
1393.jpg,0
1394.jpg,1
1395.jpg,0
1396.jpg,0
1397.jpg,0
1398.jpg,1
1399.jpg,0
1400.jpg,0
1401.jpg,0
1402.jpg,0
1403.jpg,0
1404.jpg,0
1405.jpg,0
1406.jpg,1
1407.jpg,1
1408.jpg,0
1409.jpg,0
1410.jpg,0
1411.jpg,1
1412.jpg,0
1413.jpg,0
1414.jpg,0
1415.jpg,0
1416.jpg,0
1417.jpg,0
1418.jpg,0
1419.jpg,0
1420.jpg,1
1421.jpg,1
1422.jpg,0
1423.jpg,0
1424.jpg,0
1425.jpg,1
1426.jpg,0
1427.jpg,0
1428.jpg,1
1429.jpg,0
1430.jpg,0
1431.jpg,1
1432.jpg,0
1433.jpg,0
1434.jpg,0
1435.jpg,0
1436.jpg,0
1437.jpg,1
1438.jpg,0
1439.jpg,0
1440.jpg,0
1441.jpg,0
1442.jpg,0
1443.jpg,0
1444.jpg,0
1445.jpg,0
1446.jpg,0
1447.jpg,0
1448.jpg,1
1449.jpg,0
1450.jpg,0
1451.jpg,0
1452.jpg,0
1453.jpg,1
1454.jpg,0
1455.jpg,0
1456.jpg,0
1457.jpg,0
1458.jpg,0
1459.jpg,0
1460.jpg,1
1461.jpg,1
1462.jpg,0
1463.jpg,1
1464.jpg,1
1465.jpg,0
1466.jpg,0
1467.jpg,0
1468.jpg,0
1469.jpg,0
1470.jpg,0
1471.jpg,0
1472.jpg,0
1473.jpg,0
1474.jpg,1
1475.jpg,0
1476.jpg,0
1477.jpg,1
1478.jpg,1
1479.jpg,0
1480.jpg,0
1481.jpg,0
1482.jpg,0
1483.jpg,0
1484.jpg,0
1485.jpg,0
1486.jpg,0
1487.jpg,1
1488.jpg,0
1489.jpg,0
1490.jpg,1
1491.jpg,1
1492.jpg,0
1493.jpg,0
1494.jpg,1
1495.jpg,0
1496.jpg,1
1497.jpg,1
1498.jpg,0
1499.jpg,1
1500.jpg,1
1501.jpg,0
1502.jpg,0
1503.jpg,1
1504.jpg,0
1505.jpg,0
1506.jpg,1
1507.jpg,1
1508.jpg,1
1509.jpg,0
1510.jpg,1
1511.jpg,0
1512.jpg,0
1513.jpg,1
1514.jpg,1
1515.jpg,0
1516.jpg,0
1517.jpg,1
1518.jpg,0
1519.jpg,0
1520.jpg,1
1521.jpg,0
1522.jpg,0
1523.jpg,0
1524.jpg,1
1525.jpg,1
1526.jpg,1
1527.jpg,1
1528.jpg,0
1529.jpg,0
1530.jpg,1
1531.jpg,1
1532.jpg,0
1533.jpg,0
1534.jpg,1
1535.jpg,0
1536.jpg,0
1537.jpg,0
1538.jpg,1
1539.jpg,0
1540.jpg,1
1541.jpg,0
1542.jpg,0
1543.jpg,0
1544.jpg,0
1545.jpg,1
1546.jpg,1
1547.jpg,1
1548.jpg,0
1549.jpg,0
1550.jpg,1
1551.jpg,1
1552.jpg,0
1553.jpg,1
1554.jpg,0
1555.jpg,1
1556.jpg,0
1557.jpg,1
1558.jpg,1
1559.jpg,1
1560.jpg,1
1561.jpg,1
1562.jpg,0
1563.jpg,0
1564.jpg,1
1565.jpg,1
1566.jpg,0
1567.jpg,0
1568.jpg,0
1569.jpg,0
1570.jpg,0
1571.jpg,1
1572.jpg,1
1573.jpg,1
1574.jpg,1
1575.jpg,0
1576.jpg,0
1577.jpg,1
1578.jpg,1
1579.jpg,0
1580.jpg,1
1581.jpg,1
1582.jpg,0
1583.jpg,0
1584.jpg,1
1585.jpg,1
1586.jpg,1
1587.jpg,0
1588.jpg,0
1589.jpg,1
1590.jpg,0
1591.jpg,0
1592.jpg,1
1593.jpg,1
1594.jpg,1
1595.jpg,0
1596.jpg,1
1597.jpg,1
1598.jpg,0
1599.jpg,0
1600.jpg,1
1601.jpg,1
1602.jpg,1
1603.jpg,1
1604.jpg,1
1605.jpg,0
1606.jpg,1
1607.jpg,1
1608.jpg,0
1609.jpg,1
1610.jpg,0
1611.jpg,1
1612.jpg,1
1613.jpg,1
1614.jpg,1
1615.jpg,1
1616.jpg,0
1617.jpg,1
1618.jpg,1
1619.jpg,0
1620.jpg,0
1621.jpg,0
1622.jpg,0
1623.jpg,1
1624.jpg,1
1625.jpg,1
1626.jpg,1
1627.jpg,1
1628.jpg,0
1629.jpg,0
1630.jpg,0
1631.jpg,1
1632.jpg,1
1633.jpg,1
1634.jpg,1
1635.jpg,0
1636.jpg,0
1637.jpg,0
1638.jpg,1
1639.jpg,0
1640.jpg,0
1641.jpg,1
1642.jpg,0
1643.jpg,1
1644.jpg,1
1645.jpg,1
1646.jpg,1
1647.jpg,0
1648.jpg,1
1649.jpg,0
1650.jpg,1
1651.jpg,1
1652.jpg,1
1653.jpg,1
1654.jpg,0
1655.jpg,1
1656.jpg,1
1657.jpg,0
1658.jpg,0
1659.jpg,1
1660.jpg,0
1661.jpg,1
1662.jpg,0
1663.jpg,1
1664.jpg,1
1665.jpg,0
1666.jpg,1
1667.jpg,1
1668.jpg,1
1669.jpg,0
1670.jpg,1
1671.jpg,1
1672.jpg,1
1673.jpg,1
1674.jpg,1
1675.jpg,1
1676.jpg,0
1677.jpg,1
1678.jpg,1
1679.jpg,1
1680.jpg,1
1681.jpg,1
1682.jpg,1
1683.jpg,0
1684.jpg,1
1685.jpg,0
1686.jpg,1
1687.jpg,0
1688.jpg,0
1689.jpg,0
1690.jpg,0
1691.jpg,0
1692.jpg,1
1693.jpg,0
1694.jpg,1
1695.jpg,1
1696.jpg,1
1697.jpg,1
1698.jpg,1
1699.jpg,1
1700.jpg,0
1701.jpg,0
1702.jpg,1
1703.jpg,0
1704.jpg,1
1705.jpg,0
1706.jpg,0
1707.jpg,1
1708.jpg,0
1709.jpg,1
1710.jpg,1
1711.jpg,1
1712.jpg,0
1713.jpg,1
1714.jpg,0
1715.jpg,1
1716.jpg,0
1717.jpg,1
1718.jpg,1
1719.jpg,0
1720.jpg,0
1721.jpg,0
1722.jpg,0
1723.jpg,1
1724.jpg,1
1725.jpg,0
1726.jpg,0
1727.jpg,0
1728.jpg,0
1729.jpg,1
1730.jpg,0
1731.jpg,0
1732.jpg,1
1733.jpg,1
1734.jpg,0
1735.jpg,1
1736.jpg,0
1737.jpg,1
1738.jpg,1
1739.jpg,0
1740.jpg,1
1741.jpg,0
1742.jpg,1
1743.jpg,0
1744.jpg,0
1745.jpg,1
1746.jpg,0
1747.jpg,0
1748.jpg,1
1749.jpg,1
1750.jpg,1
1751.jpg,0
1752.jpg,0
1753.jpg,0
1754.jpg,0
1755.jpg,1
1756.jpg,0
1757.jpg,1
1758.jpg,1
1759.jpg,1
1760.jpg,1
1761.jpg,0
1762.jpg,0
1763.jpg,1
1764.jpg,1
1765.jpg,1
1766.jpg,0
1767.jpg,1
1768.jpg,0
1769.jpg,1
1770.jpg,0
1771.jpg,1
1772.jpg,0
1773.jpg,1
1774.jpg,1
1775.jpg,1
1776.jpg,1
1777.jpg,0
1778.jpg,0
1779.jpg,1
1780.jpg,1
1781.jpg,1
1782.jpg,1
1783.jpg,1
1784.jpg,0
1785.jpg,1
1786.jpg,1
1787.jpg,1
1788.jpg,1
1789.jpg,0
1790.jpg,0
1791.jpg,1
1792.jpg,0
1793.jpg,1
1794.jpg,1
1795.jpg,0
1796.jpg,1
1797.jpg,1
1798.jpg,0
1799.jpg,1
1800.jpg,1
1801.jpg,1
1802.jpg,1
1803.jpg,1
1804.jpg,0
1805.jpg,1
1806.jpg,0
1807.jpg,1
1808.jpg,1
1809.jpg,1
1810.jpg,1
1811.jpg,0
1812.jpg,0
1813.jpg,0
1814.jpg,0
1815.jpg,0
1816.jpg,0
1817.jpg,1
1818.jpg,0
1819.jpg,1
1820.jpg,0
1821.jpg,1
1822.jpg,0
1823.jpg,0
1824.jpg,0
1825.jpg,0
1826.jpg,1
1827.jpg,0
1828.jpg,0
1829.jpg,0
1830.jpg,0
1831.jpg,0
1832.jpg,0
1833.jpg,0
1834.jpg,1
1835.jpg,0
1836.jpg,0
1837.jpg,1
1838.jpg,1
1839.jpg,1
1840.jpg,1
1841.jpg,0
1842.jpg,0
1843.jpg,0
1844.jpg,1
1845.jpg,0
1846.jpg,0
1847.jpg,0
1848.jpg,1
1849.jpg,1
1850.jpg,0
1851.jpg,1
1852.jpg,1
1853.jpg,0
1854.jpg,0
1855.jpg,0
1856.jpg,0
1857.jpg,1
1858.jpg,0
1859.jpg,1
1860.jpg,1
1861.jpg,1
1862.jpg,0
1863.jpg,1
1864.jpg,0
1865.jpg,0
1866.jpg,1
1867.jpg,1
1868.jpg,1
1869.jpg,1
1870.jpg,1
1871.jpg,0
1872.jpg,0
1873.jpg,1
1874.jpg,1
1875.jpg,1
1876.jpg,1
1877.jpg,1
1878.jpg,0
1879.jpg,0
1880.jpg,1
1881.jpg,1
1882.jpg,1
1883.jpg,1
1884.jpg,1
1885.jpg,0
1886.jpg,0
1887.jpg,0
1888.jpg,1
1889.jpg,1
1890.jpg,0
1891.jpg,1
1892.jpg,1
1893.jpg,0
1894.jpg,1
1895.jpg,1
1896.jpg,0
1897.jpg,1
1898.jpg,1
1899.jpg,0
1900.jpg,0
1901.jpg,1
1902.jpg,1
1903.jpg,0
1904.jpg,1
1905.jpg,1
1906.jpg,1
1907.jpg,0
1908.jpg,0
1909.jpg,0
1910.jpg,0
1911.jpg,0
1912.jpg,1
1913.jpg,0
1914.jpg,1
1915.jpg,0
1916.jpg,0
1917.jpg,0
1918.jpg,0
1919.jpg,0
1920.jpg,0
1921.jpg,0
1922.jpg,1
1923.jpg,1
1924.jpg,0
1925.jpg,1
1926.jpg,1
1927.jpg,0
1928.jpg,0
1929.jpg,0
1930.jpg,0
1931.jpg,0
1932.jpg,0
1933.jpg,1
1934.jpg,1
1935.jpg,1
1936.jpg,1
1937.jpg,1
1938.jpg,1
1939.jpg,0
1940.jpg,0
1941.jpg,1
1942.jpg,0
1943.jpg,0
1944.jpg,0
1945.jpg,0
1946.jpg,1
1947.jpg,0
1948.jpg,1
1949.jpg,0
1950.jpg,1
1951.jpg,0
1952.jpg,1
1953.jpg,1
1954.jpg,0
1955.jpg,0
1956.jpg,1
1957.jpg,1
1958.jpg,0
1959.jpg,0
1960.jpg,0
1961.jpg,1
1962.jpg,1
1963.jpg,0
1964.jpg,1
1965.jpg,1
1966.jpg,0
1967.jpg,0
1968.jpg,1
1969.jpg,1
1970.jpg,0
1971.jpg,1
1972.jpg,1
1973.jpg,1
1974.jpg,0
1975.jpg,0
1976.jpg,1
1977.jpg,1
1978.jpg,0
1979.jpg,0
1980.jpg,1
1981.jpg,0
1982.jpg,1
1983.jpg,0
1984.jpg,0
1985.jpg,0
1986.jpg,1
1987.jpg,0
1988.jpg,0
1989.jpg,1
1990.jpg,1
1991.jpg,0
1992.jpg,0
1993.jpg,0
1994.jpg,0
1995.jpg,0
1996.jpg,1
1997.jpg,0
1998.jpg,1
1999.jpg,0
2000.jpg,0
2001.jpg,1
2002.jpg,0
2003.jpg,0
2004.jpg,0
2005.jpg,0
2006.jpg,1
2007.jpg,0
2008.jpg,0
2009.jpg,0
2010.jpg,1
2011.jpg,0
2012.jpg,0
2013.jpg,0
2014.jpg,1
2015.jpg,1
2016.jpg,0
2017.jpg,0
2018.jpg,1
2019.jpg,1
2020.jpg,1
2021.jpg,1
2022.jpg,0
2023.jpg,0
2024.jpg,0
2025.jpg,1
2026.jpg,0
2027.jpg,0
2028.jpg,1
2029.jpg,0
2030.jpg,1
2031.jpg,0
2032.jpg,0
2033.jpg,0
2034.jpg,0
2035.jpg,0
2036.jpg,1
2037.jpg,0
2038.jpg,0
2039.jpg,1
2040.jpg,0
2041.jpg,0
2042.jpg,1
2043.jpg,1
2044.jpg,0
2045.jpg,0
2046.jpg,0
2047.jpg,1
2048.jpg,0
2049.jpg,1
2050.jpg,0
2051.jpg,0
2052.jpg,0
2053.jpg,0
2054.jpg,1
2055.jpg,1
2056.jpg,0
2057.jpg,1
2058.jpg,0
2059.jpg,1
2060.jpg,0
2061.jpg,1
2062.jpg,0
2063.jpg,1
2064.jpg,0
2065.jpg,0
2066.jpg,1
2067.jpg,1
2068.jpg,0
2069.jpg,0
2070.jpg,1
2071.jpg,0
2072.jpg,1
2073.jpg,0
2074.jpg,1
2075.jpg,1
2076.jpg,0
2077.jpg,1
2078.jpg,1
2079.jpg,0
2080.jpg,0
2081.jpg,0
2082.jpg,0
2083.jpg,1
2084.jpg,0
2085.jpg,1
2086.jpg,1
2087.jpg,1
2088.jpg,0
2089.jpg,0
2090.jpg,0
2091.jpg,1
2092.jpg,0
2093.jpg,0
2094.jpg,0
2095.jpg,0
2096.jpg,1
2097.jpg,0
2098.jpg,0
2099.jpg,0
2100.jpg,1
2101.jpg,0
2102.jpg,0
2103.jpg,1
2104.jpg,0
2105.jpg,1
2106.jpg,0
2107.jpg,1
2108.jpg,0
2109.jpg,0
2110.jpg,1
2111.jpg,0
2112.jpg,0
2113.jpg,0
2114.jpg,0
2115.jpg,1
2116.jpg,1
2117.jpg,0
2118.jpg,0
2119.jpg,1
2120.jpg,0
2121.jpg,1
2122.jpg,1
2123.jpg,0
2124.jpg,0
2125.jpg,0
2126.jpg,1
2127.jpg,0
2128.jpg,1
2129.jpg,0
2130.jpg,1
2131.jpg,0
2132.jpg,0
2133.jpg,0
2134.jpg,1
2135.jpg,1
2136.jpg,1
2137.jpg,1
2138.jpg,0
2139.jpg,0
2140.jpg,0
2141.jpg,0
2142.jpg,0
2143.jpg,1
2144.jpg,0
2145.jpg,1
2146.jpg,0
2147.jpg,1
2148.jpg,1
2149.jpg,1
2150.jpg,0
2151.jpg,1
2152.jpg,1
2153.jpg,0
2154.jpg,0
2155.jpg,0
2156.jpg,1
2157.jpg,0
2158.jpg,0
2159.jpg,1
2160.jpg,0
2161.jpg,1
2162.jpg,0
2163.jpg,0
2164.jpg,0
2165.jpg,0
2166.jpg,1
2167.jpg,1
2168.jpg,1
2169.jpg,0
2170.jpg,0
2171.jpg,0
2172.jpg,0
2173.jpg,0
2174.jpg,1
2175.jpg,1
2176.jpg,0
2177.jpg,1
2178.jpg,1
2179.jpg,0
2180.jpg,1
2181.jpg,1
2182.jpg,1
2183.jpg,1
2184.jpg,0
2185.jpg,1
2186.jpg,0
2187.jpg,1
2188.jpg,0
2189.jpg,0
2190.jpg,0
2191.jpg,1
2192.jpg,0
2193.jpg,0
2194.jpg,0
2195.jpg,1
2196.jpg,0
2197.jpg,1
2198.jpg,0
2199.jpg,0
2200.jpg,0
2201.jpg,0
2202.jpg,0
2203.jpg,0
2204.jpg,1
2205.jpg,1
2206.jpg,1
2207.jpg,1
2208.jpg,1
2209.jpg,1
2210.jpg,1
2211.jpg,0
2212.jpg,0
2213.jpg,1
2214.jpg,0
2215.jpg,1
2216.jpg,0
2217.jpg,1
2218.jpg,1
2219.jpg,1
2220.jpg,1
2221.jpg,0
2222.jpg,1
2223.jpg,0
2224.jpg,1
2225.jpg,1
2226.jpg,0
2227.jpg,0
2228.jpg,1
2229.jpg,1
2230.jpg,0
2231.jpg,1
2232.jpg,1
2233.jpg,1
2234.jpg,1
2235.jpg,1
2236.jpg,1
2237.jpg,0
2238.jpg,0
2239.jpg,0
2240.jpg,1
2241.jpg,0
2242.jpg,0
2243.jpg,0
2244.jpg,0
2245.jpg,0
2246.jpg,1
2247.jpg,0
2248.jpg,0
2249.jpg,1
2250.jpg,1
2251.jpg,1
2252.jpg,1
2253.jpg,0
2254.jpg,1
2255.jpg,1
2256.jpg,0
2257.jpg,0
2258.jpg,0
2259.jpg,0
2260.jpg,1
2261.jpg,1
2262.jpg,0
2263.jpg,1
2264.jpg,0
2265.jpg,0
2266.jpg,0
2267.jpg,0
2268.jpg,0
2269.jpg,0
2270.jpg,1
2271.jpg,1
2272.jpg,0
2273.jpg,0
2274.jpg,0
2275.jpg,0
2276.jpg,1
2277.jpg,1
2278.jpg,0
2279.jpg,1
2280.jpg,0
2281.jpg,1
2282.jpg,0
2283.jpg,0
2284.jpg,0
2285.jpg,0
2286.jpg,0
2287.jpg,0
2288.jpg,1
2289.jpg,1
2290.jpg,0
2291.jpg,0
2292.jpg,0
2293.jpg,0
2294.jpg,1
2295.jpg,0
2296.jpg,1
2297.jpg,1
2298.jpg,0
2299.jpg,1
2300.jpg,1
2301.jpg,1
2302.jpg,0
2303.jpg,1
2304.jpg,1
2305.jpg,0
2306.jpg,0
2307.jpg,1
2308.jpg,1
2309.jpg,0
2310.jpg,0
2311.jpg,0
2312.jpg,0
2313.jpg,0
2314.jpg,0
2315.jpg,0
2316.jpg,1
2317.jpg,0
2318.jpg,0
2319.jpg,1
2320.jpg,0
2321.jpg,0
2322.jpg,1
2323.jpg,0
2324.jpg,0
2325.jpg,0
2326.jpg,0
2327.jpg,0
2328.jpg,1
2329.jpg,0
2330.jpg,0
2331.jpg,0
2332.jpg,0
2333.jpg,0
2334.jpg,0
2335.jpg,0
2336.jpg,0
2337.jpg,1
2338.jpg,0
2339.jpg,0
2340.jpg,0
2341.jpg,0
2342.jpg,0
2343.jpg,0
2344.jpg,0
2345.jpg,1
2346.jpg,0
2347.jpg,0
2348.jpg,0
2349.jpg,0
2350.jpg,0
2351.jpg,0
2352.jpg,0
2353.jpg,0
2354.jpg,1
2355.jpg,0
2356.jpg,0
2357.jpg,0
2358.jpg,0
2359.jpg,0
2360.jpg,0
2361.jpg,0
2362.jpg,1
2363.jpg,0
2364.jpg,0
2365.jpg,0
2366.jpg,0
2367.jpg,0
2368.jpg,0
2369.jpg,0
2370.jpg,0
2371.jpg,0
2372.jpg,1
2373.jpg,0
2374.jpg,0
2375.jpg,0
2376.jpg,0
2377.jpg,0
2378.jpg,1
2379.jpg,0
2380.jpg,1
2381.jpg,0
2382.jpg,0
2383.jpg,1
2384.jpg,0
2385.jpg,0
2386.jpg,1
2387.jpg,0
2388.jpg,1
2389.jpg,0
2390.jpg,0
2391.jpg,0
2392.jpg,0
2393.jpg,0
2394.jpg,0
2395.jpg,0
2396.jpg,0
2397.jpg,1
2398.jpg,0
2399.jpg,0
2400.jpg,1
2401.jpg,0
2402.jpg,1
2403.jpg,0
2404.jpg,1
2405.jpg,0
2406.jpg,0
2407.jpg,1
2408.jpg,1
2409.jpg,0
2410.jpg,0
2411.jpg,0
2412.jpg,0
2413.jpg,0
2414.jpg,0
2415.jpg,0
2416.jpg,0
2417.jpg,0
2418.jpg,0
2419.jpg,0
2420.jpg,1
2421.jpg,0
2422.jpg,0
2423.jpg,1
2424.jpg,0
2425.jpg,0
2426.jpg,0
2427.jpg,0
2428.jpg,1
2429.jpg,0
2430.jpg,0
2431.jpg,1
2432.jpg,0
2433.jpg,0
2434.jpg,0
2435.jpg,1
2436.jpg,0
2437.jpg,0
2438.jpg,0
2439.jpg,0
2440.jpg,0
2441.jpg,0
2442.jpg,0
2443.jpg,0
2444.jpg,0
2445.jpg,0
2446.jpg,0
2447.jpg,1
2448.jpg,1
2449.jpg,0
2450.jpg,0
2451.jpg,0
2452.jpg,0
2453.jpg,0
2454.jpg,1
2455.jpg,0
2456.jpg,0
2457.jpg,1
2458.jpg,0
2459.jpg,0
2460.jpg,0
2461.jpg,1
2462.jpg,0
2463.jpg,0
2464.jpg,0
2465.jpg,0
2466.jpg,0
2467.jpg,0
2468.jpg,0
2469.jpg,0
2470.jpg,0
2471.jpg,1
2472.jpg,0
2473.jpg,1
2474.jpg,1
2475.jpg,0
2476.jpg,1
2477.jpg,1
2478.jpg,1
2479.jpg,1
2480.jpg,0
2481.jpg,1
2482.jpg,1
2483.jpg,0
2484.jpg,1
2485.jpg,1
2486.jpg,0
2487.jpg,1
2488.jpg,0
2489.jpg,0
2490.jpg,1
2491.jpg,1
2492.jpg,0
2493.jpg,1
2494.jpg,1
2495.jpg,0
2496.jpg,0
2497.jpg,0
2498.jpg,0
2499.jpg,0
2500.jpg,1
2501.jpg,0
2502.jpg,0
2503.jpg,0
2504.jpg,0
2505.jpg,0
2506.jpg,0
2507.jpg,1
2508.jpg,0
2509.jpg,1
2510.jpg,1
2511.jpg,1
2512.jpg,1
2513.jpg,0
2514.jpg,1
2515.jpg,0
2516.jpg,1
2517.jpg,1
2518.jpg,0
2519.jpg,1
2520.jpg,1
2521.jpg,1
2522.jpg,1
2523.jpg,0
2524.jpg,1
2525.jpg,0
2526.jpg,0
2527.jpg,1
2528.jpg,1
2529.jpg,1
2530.jpg,0
2531.jpg,1
2532.jpg,1
2533.jpg,1
2534.jpg,1
2535.jpg,1
2536.jpg,1
2537.jpg,1
2538.jpg,1
2539.jpg,0
2540.jpg,1
2541.jpg,1
2542.jpg,0
2543.jpg,1
2544.jpg,0
2545.jpg,1
2546.jpg,1
2547.jpg,0
2548.jpg,0
2549.jpg,1
2550.jpg,0
2551.jpg,1
2552.jpg,1
2553.jpg,1
2554.jpg,1
2555.jpg,1
2556.jpg,0
2557.jpg,1
2558.jpg,0
2559.jpg,1
2560.jpg,1
2561.jpg,0
2562.jpg,0
2563.jpg,1
2564.jpg,0
2565.jpg,1
2566.jpg,0
2567.jpg,0
2568.jpg,1
2569.jpg,0
2570.jpg,1
2571.jpg,0
2572.jpg,1
2573.jpg,1
2574.jpg,0
2575.jpg,1
2576.jpg,1
2577.jpg,0
2578.jpg,1
2579.jpg,0
2580.jpg,1
2581.jpg,0
2582.jpg,1
2583.jpg,1
2584.jpg,1
2585.jpg,1
2586.jpg,1
2587.jpg,1
2588.jpg,0
2589.jpg,1
2590.jpg,1
2591.jpg,1
2592.jpg,1
2593.jpg,0
2594.jpg,1
2595.jpg,1
2596.jpg,1
2597.jpg,0
2598.jpg,0
2599.jpg,1
2600.jpg,1
2601.jpg,1
2602.jpg,1
2603.jpg,1
2604.jpg,1
2605.jpg,0
2606.jpg,0
2607.jpg,1
2608.jpg,0
2609.jpg,1
2610.jpg,0
2611.jpg,1
2612.jpg,1
2613.jpg,0
2614.jpg,0
2615.jpg,0
2616.jpg,1
2617.jpg,0
2618.jpg,0
2619.jpg,1
2620.jpg,1
2621.jpg,0
2622.jpg,1
2623.jpg,1
2624.jpg,1
2625.jpg,0
2626.jpg,1
2627.jpg,0
2628.jpg,1
2629.jpg,0
2630.jpg,0
2631.jpg,1
2632.jpg,1
2633.jpg,1
2634.jpg,1
2635.jpg,1
2636.jpg,1
2637.jpg,1
2638.jpg,1
2639.jpg,0
2640.jpg,1
2641.jpg,0
2642.jpg,0
2643.jpg,0
2644.jpg,0
2645.jpg,1
2646.jpg,1
2647.jpg,0
2648.jpg,0
2649.jpg,0
2650.jpg,0
2651.jpg,0
2652.jpg,0
2653.jpg,1
2654.jpg,0
2655.jpg,1
2656.jpg,0
2657.jpg,1
2658.jpg,1
2659.jpg,1
2660.jpg,1
2661.jpg,1
2662.jpg,0
2663.jpg,0
2664.jpg,1
2665.jpg,0
2666.jpg,0
2667.jpg,0
2668.jpg,1
2669.jpg,1
2670.jpg,1
2671.jpg,0
2672.jpg,0
2673.jpg,1
2674.jpg,1
2675.jpg,1
2676.jpg,0
2677.jpg,1
2678.jpg,0
2679.jpg,0
2680.jpg,1
2681.jpg,0
2682.jpg,0
2683.jpg,1
2684.jpg,1
2685.jpg,0
2686.jpg,1
2687.jpg,0
2688.jpg,1
2689.jpg,1
2690.jpg,1
2691.jpg,1
2692.jpg,0
2693.jpg,1
2694.jpg,0
2695.jpg,1
2696.jpg,0
2697.jpg,1
2698.jpg,1
2699.jpg,1
2700.jpg,0
2701.jpg,0
2702.jpg,1
2703.jpg,0
2704.jpg,0
2705.jpg,1
2706.jpg,1
2707.jpg,1
2708.jpg,1
2709.jpg,1
2710.jpg,0
2711.jpg,1
2712.jpg,1
2713.jpg,1
2714.jpg,1
2715.jpg,1
2716.jpg,0
2717.jpg,0
2718.jpg,1
2719.jpg,0
2720.jpg,1
2721.jpg,0
2722.jpg,1
2723.jpg,1
2724.jpg,0
2725.jpg,1
2726.jpg,1
2727.jpg,1
2728.jpg,1
2729.jpg,1
2730.jpg,1
2731.jpg,0
2732.jpg,1
2733.jpg,1
2734.jpg,1
2735.jpg,1
2736.jpg,1
2737.jpg,1
2738.jpg,0
2739.jpg,1
2740.jpg,0
2741.jpg,1
2742.jpg,0
2743.jpg,0
2744.jpg,1
2745.jpg,0
2746.jpg,1
2747.jpg,1
2748.jpg,0
2749.jpg,1
2750.jpg,1
2751.jpg,1
2752.jpg,1
2753.jpg,0
2754.jpg,1
2755.jpg,1
2756.jpg,1
2757.jpg,0
2758.jpg,1
2759.jpg,1
2760.jpg,1
2761.jpg,0
2762.jpg,1
2763.jpg,1
2764.jpg,1
2765.jpg,1
2766.jpg,0
2767.jpg,1
2768.jpg,1
2769.jpg,1
2770.jpg,1
2771.jpg,1
2772.jpg,0
2773.jpg,0
2774.jpg,1
2775.jpg,1
2776.jpg,1
2777.jpg,0
2778.jpg,0
2779.jpg,1
2780.jpg,1
2781.jpg,1
2782.jpg,1
2783.jpg,0
2784.jpg,0
2785.jpg,0
2786.jpg,0
2787.jpg,1
2788.jpg,0
2789.jpg,1
2790.jpg,0
2791.jpg,0
2792.jpg,0
2793.jpg,1
2794.jpg,1
2795.jpg,1
2796.jpg,1
2797.jpg,1
2798.jpg,1
2799.jpg,0
2800.jpg,0
2801.jpg,0
2802.jpg,0
2803.jpg,0
2804.jpg,1
2805.jpg,0
2806.jpg,0
2807.jpg,1
2808.jpg,1
2809.jpg,0
2810.jpg,1
2811.jpg,1
2812.jpg,1
2813.jpg,0
2814.jpg,1
2815.jpg,1
2816.jpg,1
2817.jpg,0
2818.jpg,1
2819.jpg,1
2820.jpg,0
2821.jpg,0
2822.jpg,0
2823.jpg,0
2824.jpg,0
2825.jpg,0
2826.jpg,1
2827.jpg,0
2828.jpg,1
2829.jpg,0
2830.jpg,1
2831.jpg,0
2832.jpg,1
2833.jpg,0
2834.jpg,1
2835.jpg,1
2836.jpg,0
2837.jpg,1
2838.jpg,1
2839.jpg,1
2840.jpg,1
2841.jpg,0
2842.jpg,0
2843.jpg,1
2844.jpg,1
2845.jpg,1
2846.jpg,1
2847.jpg,0
2848.jpg,0
2849.jpg,1
2850.jpg,0
2851.jpg,1
2852.jpg,1
2853.jpg,0
2854.jpg,1
2855.jpg,0
2856.jpg,0
2857.jpg,1
2858.jpg,1
2859.jpg,1
2860.jpg,1
2861.jpg,1
2862.jpg,0
2863.jpg,1
2864.jpg,0
2865.jpg,1
2866.jpg,1
2867.jpg,0
2868.jpg,1
2869.jpg,1
2870.jpg,1
2871.jpg,0
2872.jpg,1
2873.jpg,1
2874.jpg,0
2875.jpg,0
2876.jpg,1
2877.jpg,1
2878.jpg,0
2879.jpg,1
2880.jpg,1
2881.jpg,0
2882.jpg,1
2883.jpg,0
2884.jpg,0
2885.jpg,1
2886.jpg,0
2887.jpg,0
2888.jpg,1
2889.jpg,0
2890.jpg,0
2891.jpg,0
2892.jpg,0
2893.jpg,1
2894.jpg,1
2895.jpg,0
2896.jpg,0
2897.jpg,1
2898.jpg,0
2899.jpg,1
2900.jpg,1
2901.jpg,1
2902.jpg,0
2903.jpg,0
2904.jpg,1
2905.jpg,0
2906.jpg,0
2907.jpg,0
2908.jpg,0
2909.jpg,1
2910.jpg,0
2911.jpg,0
2912.jpg,1
2913.jpg,0
2914.jpg,0
2915.jpg,1
2916.jpg,1
2917.jpg,0
2918.jpg,1
2919.jpg,0
2920.jpg,0
2921.jpg,1
2922.jpg,1
2923.jpg,0
2924.jpg,0
2925.jpg,1
2926.jpg,0
2927.jpg,1
2928.jpg,0
2929.jpg,0
2930.jpg,1
2931.jpg,0
2932.jpg,0
2933.jpg,1
2934.jpg,1
2935.jpg,1
2936.jpg,0
2937.jpg,1
2938.jpg,0
2939.jpg,1
2940.jpg,1
2941.jpg,0
2942.jpg,0
2943.jpg,0
2944.jpg,1